icao_code;iata_code;gps_code;Lat;Long
HEGN;HRG;HEGN;27.178328;33.799438
LCLK;LCA;LCLK;34.875117;33.624858
;HKV;LBMV;41,871799;25,604799
;JAM;LBIA;42,454899;26,3522
BIAR;AEY;BIAR;65,656573;-18,072018
BIBD;BIU;BIBD;65,641296;-23,5462
BIBF;BGJ;BIBF;65,516769;-13,81578
BIBK;BJD;BIBK;66,02189636;-14,82439995
BIBL;BLO;BIBL;65,644997;-20,2875
;BQD;BIBR;65,07530212;-21,8003006
BIBV;BXV;BIBV;64,790037;-14,043927
BIDV;DJU;BIDV;64,642372;-14,277297
BIEG;EGS;BIEG;65,28330231;-14,40139961
BIFF;FAS;BIFF;64,931456;-14,047957
BIFM;FAG;BIFM;63,874699;-16,6411
BIGF;GUU;BIGF;64,991402;-23,224701
BIGJ;GJR;BIGJ;65,9953;-21,3269
BIGR;GRY;BIGR;66,5458;-18,0173
BIHK;HVK;BIHK;65,704697;-21,6964
BIHN;HFN;BIHN;64,295601;-15,2272
;FLI;BIHT;66,01418043;-23,4416914
BIHU;HZK;BIHU;65,952301;-17,426001
;HLO;BIID;66,05000305;-23,69610023
BIIS;IFJ;BIIS;66,058098;-23,1353
BIKF;KEF;BIKF;63,985001;-22,6056
BIKP;OPA;BIKP;66,310799;-16,4667
BIKR;SAK;BIKR;65,73169708;-19,57279968
BINF;NOR;BINF;65,131897;-13,7464
BIOF;OFJ;BIOF;66,083298;-18,6667
BIPA;PFJ;BIPA;65,555801;-23,965
BIRE;RHA;BIRE;65,45262909;-22,20611572
BIRF;OLI;BIRF;64,9114;-23,823099
BIRG;RFN;BIRG;66,406403;-15,9183
BIRK;RKV;BIRK;64,128732;-21,93759
BIRL;MVA;BIRL;65,6558;-16,9181
BISI;SIJ;BISI;66,137847;-18,908157
BIST;SYK;BIST;65,058851;-22,764616
BITE;TEY;BITE;65,8703;-23,559999
BITN;THO;BITN;66,218498;-15,3356
BIVM;VEY;BIVM;63,42430115;-20,27890015
BIVO;VPN;BIVO;65,720596;-14,8506
BKPR;PRN;BKPR;42,5728;21,035801
;TXC;UMIO;54,439999;30,2967
;DHG;;44,558748;135,490005
;DLR;UHHD;45,877949;133,735822
;DPT;UEBD;69,392503;139,890012
EBAW;ANR;EBAW;51,190667;4,463153
EBBR;BRU;EBBR;50,901402;4,48444
EBCI;CRL;EBCI;50,460982;4,457158
EBKT;KJK;EBKT;50,818878;3,209551
EBLG;LGG;EBLG;50,638574;5,443897
EBOS;OST;EBOS;51,1998;2,874673
EBZR;OBL;EBZR;51,269092;4,762428
EDAC;AOC;EDAC;50,981945;12,506389
EDAH;HDF;EDAH;53,8787;14,1523
EDAU;IES;EDAU;51,29361;13,356111
EDAX;REB;EDAX;53,306389;12,752222
EDBC;CSO;EDBC;51,8564;11,4203
EDBH;BBH;EDBH;54,338253;12,710515
EDBN;FNB;EDBN;53,6022;13,306
EDCG;GTI;EDCG;54,38347;13,325542
EDCK;KOQ;EDCK;51,723745;11,948826
EDCP;PEF;EDCP;54,15778;13,774444
EDDB;BER;EDDB;52,362247;13,500672
EDDC;DRS;EDDC;51,134123;13,767831
EDDE;ERF;EDDE;50,979801;10,9581
EDDF;FRA;EDDF;50,030241;8,561096
EDDG;FMO;EDDG;52,134602;7,68483
EDDH;HAM;EDDH;53,630402;9,98823
EDDK;CGN;EDDK;50,865898;7,14274
EDDL;DUS;EDDL;51,289501;6,76678
EDDM;MUC;EDDM;48,353802;11,7861
EDDN;NUE;EDDN;49,498699;11,078056
EDDP;LEJ;EDDP;51,420657;12,232705
EDDR;SCN;EDDR;49,21459961;7,109509945
EDDS;STR;EDDS;48,689899;9,22196
EDDV;HAJ;EDDV;52,461102;9,68508
EDDW;BRE;EDDW;53,046786;8,78932
EDFH;HHN;EDFH;49,9487;7,26389
EDFM;MHG;EDFM;49,473057;8,514167
EDGE;EIB;EDGE;50,991604;10,47973
EDGS;SGE;EDGS;50,707699;8,08297
;IZE;EDHF;53,992009;9,576409
EDHI;XFW;EDHI;53,53527832;9,83555603
EDHK;KEL;EDHK;54,37957;10,145266
EDHL;LBC;EDHL;53,805401;10,7192
EDHN;EUM;EDHN;54,079445;9,941389
EDJA;FMM;EDJA;47,98880005;10,23950005
EDKA;AAH;EDKA;50,823055;6,186389
EDLE;ESS;EDLE;51,402302;6,93733
EDLI;BFE;EDLI;51,964722;8,544444
EDLN;MGL;EDLN;51,230278;6,504444
EDLP;PAD;EDLP;51,614101;8,61632
EDLV;NRN;EDLV;51,60240173;6,142169952
EDLW;DTM;EDLW;51,518299;7,61224
EDMA;AGB;EDMA;48,425278;10,931667
EDMO;OBF;EDMO;48,081402;11,2831
EDMS;RBM;EDMS;48,900833;12,516667
EDNY;FDH;EDNY;47,671299;9,51149
EDQD;BYU;EDQD;49,985001;11,64
EDQE;URD;EDQE;49,794167;11,133611
EDQG;GHF;EDQG;49,64805603;9,966388702
EDQM;HOQ;EDQM;50,288544;11,852876
EDRB;BBJ;EDRB;49,945278;6,565
EDRZ;ZQW;EDRZ;49,2094;7,40056
EDSB;FKB;EDSB;48,7794;8,0805
EDTL;LHA;EDTL;48,369301;7,82772
EDVE;BWE;EDVE;52,319199;10,5561
EDVK;KSF;EDVK;51,420699;9,392152
EDWE;EME;EDWE;53,391109;7,2275
EDWG;AGE;EDWG;53,782544;7,919584
EDWI;WVN;EDWI;53,50222;8,052222
EDWJ;JUI;EDWJ;53,681421;7,056398
EDWL;LGO;EDWL;53,742379;7,496345
EDWR;BMK;EDWR;53,59639;6,709167
EDWS;NOD;EDWS;53,633057;7,190278
EDWU;VAC;EDWU;52,908333;8,040556
EDWY;NRD;EDWY;53,706944;7,23
EDWZ;BMR;EDWZ;53,72485;7,373257
EDXB;HEI;EDXB;54,153332;8,901667
EDXF;FLF;EDXF;54,773335;9,378889
EDXH;HGL;EDXH;54,18527985;7,915832996
EDXJ;QHU;EDXJ;54,50999832;9,138333321
EDXO;PSH;EDXO;54,308887;8,686944
EDXW;GWT;EDXW;54,9132;8,34047
EDXY;OHR;EDXY;54,684444;8,528333
EEKA;KDL;EEKA;58,99079895;22,83069992
EEKE;URE;EEKE;58,22990036;22,5095005
EEPU;EPU;EEPU;58,41899872;24,4727993
EETN;TLL;EETN;59,413246;24,83264
EETU;TAY;EETU;58,307438;26,686473
EFET;ENF;EFET;68,36260223;23,42429924
EFHA;KEV;EFHA;61,856039;24,786686
EFHK;HEL;EFHK;60,318363;24,963341
EFHV;HYV;EFHV;60,6544;24,8811
EFIT;KTQ;EFIT;62,1661;30,073601
EFIV;IVL;EFIV;68,6072998;27,40530014
EFJO;JOE;EFJO;62,658815;29,619398
EFJY;JYV;EFJY;62,399502;25,678301
EFKA;KAU;EFKA;63,127102;23,051399
EFKE;KEM;EFKE;65,77870178;24,58209991
EFKI;KAJ;EFKI;64,2855;27,6924
EFKJ;KHJ;EFKJ;62,463212;22,390817
EFKK;KOK;EFKK;63,721199;23,143101
EFKS;KAO;EFKS;65,987602;29,239401
EFKT;KTT;EFKT;67,7009964;24,84679985
EFKU;KUO;EFKU;63,007099;27,7978
EFLP;LPP;EFLP;61,044601;28,144743
EFMA;MHQ;EFMA;60,1222;19,898199
EFMI;MIK;EFMI;61,6866;27,201799
EFOU;OUL;EFOU;64,930099;25,354601
EFPO;POR;EFPO;61,4617;21,799999
EFRO;RVN;EFRO;66,56479645;25,83040047
EFSA;SVL;EFSA;61,9431;28,945101
EFSI;SJY;EFSI;62,692101;22,8323
EFSO;SOT;EFSO;67,39499664;26,61910057
EFTP;TMP;EFTP;61,414101;23,604401
EFTU;TKU;EFTU;60,514099;22,2628
EFUT;UTI;EFUT;60,8964;26,9384
EFVA;VAA;EFVA;63,050701;21,762199
EFVR;VRK;EFVR;62,171101;27,868601
EFYL;YLI;EFYL;64,054722;24,725278
EGAA;BFS;EGAA;54,65750122;-6,215829849
EGAB;ENK;EGAB;54,398899;-7,65167
EGAC;BHD;EGAC;54,618099;-5,8725
EGAE;LDY;EGAE;55,0428009;-7,161109924
EGBB;BHX;EGBB;52,453899;-1,74803
EGBE;CVT;EGBE;52,369701;-1,47972
EGBJ;GLO;EGBJ;51,89419937;-2,167220116
EGBK;ORM;EGBK;52,305302;-0,793056
EGBN;NQT;EGBN;52,919998;-1,07917
EGBP;GBA;EGBP;51,668528;-2,056599
EGCC;MAN;EGCC;53,349375;-2,279521
EGDJ;UPV;EGDJ;51,28657;-1,782239
EGDY;YEO;EGDY;51,009399;-2,63882
EGEC;CAL;EGEC;55,43719864;-5,686389923
EGED;EOI;EGED;59,19060135;-2,772219896
EGEF;FIE;EGEF;59,534721;-1,628509
EGEH;WHS;EGEH;60,376835;-0,927229
EGEI;SKL;EGEI;57,253399;-5,8279
;COL;EGEL;56,601898;-6,61778
EGEN;NRL;EGEN;59,36750031;-2,434439898
EGEO;OBN;EGEO;56,463501;-5,39967
EGEP;PPW;EGEP;59,35169983;-2,900279999
EGER;SOY;EGER;59,1553;-2,64139
EGES;NDY;EGES;59,250301;-2,57667
EGET;LWK;EGET;60,1922;-1,24361
EGEW;WRY;EGEW;59,35029984;-2,950000048
;CSA;EGEY;56,057499;-6,24306
EGFE;HAW;EGFE;51,83309937;-4,961110115
EGFF;CWL;EGFF;51,396702;-3,34333
EGFH;SWS;EGFH;51,601366;-4,071006
EGGD;BRS;EGGD;51,382702;-2,71909
EGGP;LPL;EGGP;53,333599;-2,84972
EGGW;LTN;EGGW;51,874699;-0,368333
EGHC;LEQ;EGHC;50,102798;-5,67056
EGHE;ISC;EGHE;49,9133;-6,29167
EGHH;BOH;EGHH;50,780483;-1,839576
EGHI;SOU;EGHI;50,950298;-1,3568
EGHJ;BBP;EGHJ;50,678101;-1,10944
EGHQ;NQY;EGHQ;50,440601;-4,99541
EGHR;QUG;EGHR;50,859832;-0,760073
EGJA;ACI;EGJA;49,706104;-2,21472
EGJB;GCI;EGJB;49,435001;-2,60197
EGJJ;JER;EGJJ;49,207901;-2,195509911
EGKA;ESH;EGKA;50,835602;-0,297222
EGKB;BQH;EGKB;51,3307991;0,032499999
EGKK;LGW;EGKK;51,148771;-0,192089
EGLC;LCY;EGLC;51,505299;0,055278
EGLF;FAB;EGLF;51,275799;-0,776333
EGLK;BBS;EGLK;51,323898;-0,8475
EGLL;LHR;EGLL;51,4706;-0,461941
EGMC;SEN;EGMC;51,570562;0,693627
EGMD;LYX;EGMD;50,956246;0,939074
EGNC;CAX;EGNC;54,9375;-2,80917
EGNH;BLK;EGNH;53,77170181;-3,028609991
EGNJ;HUY;EGNJ;53,576152;-0,34954
EGNL;BWF;EGNL;54,1286111;-3,2675
EGNM;LBA;EGNM;53,865898;-1,66057
EGNO;WRT;EGNO;53,745098;-2,88306
EGNR;CEG;EGNR;53,178101;-2,97778
EGNS;IOM;EGNS;54,083302;-4,62389
EGNT;NCL;EGNT;55,037958;-1,689577
EGNV;MME;EGNV;54,509201;-1,42941
EGNX;EMA;EGNX;52,8311;-1,32806
EGOV;VLY;EGOV;53,24810028;-4,535339832
EGPA;KOI;EGPA;58,95780182;-2,904999971
EGPB;LSI;EGPB;59,87889862;-1,295560002
EGPC;WIC;EGPC;58,45890045;-3,093060017
EGPD;ABZ;EGPD;57,2019;-2,19778
EGPE;INV;EGPE;57,54249954;-4,047500134
EGPF;GLA;EGPF;55,871899;-4,43306
EGPH;EDI;EGPH;55,950145;-3,372288
EGPI;ILY;EGPI;55,682708;-6,257525
EGPK;PIK;EGPK;55,502003;-4,587019
EGPL;BEB;EGPL;57,48109818;-7,362780094
EGPN;DND;EGPN;56,45249939;-3,02583003
EGPO;SYY;EGPO;58,215599;-6,33111
EGPR;BRR;EGPR;57,0228;-7,44306
EGPT;PSL;EGPT;56,439201;-3,37222
EGPU;TRE;EGPU;56,49919891;-6,869170189
EGPW;UNT;EGPW;60,7472;-0,85385
EGQL;ADX;EGQL;56,37398;-2,868862
EGQS;LMO;EGQS;57,7052002;-3,339169979
EGSC;CBG;EGSC;52,205002;0,175
EGSH;NWI;EGSH;52,6758;1,28278
EGSS;STN;EGSS;51,884998;0,235
EGTB;HYC;EGTB;51,61177;-0,808316
EGTE;EXT;EGTE;50,734261;-3,413984
EGTK;OXF;EGTK;51,836899;-1,32
EGTO;RCS;EGTO;51,351898;0,503333
EGUB;BEX;EGUB;51,614366;-1,095991
EGUL;LKZ;EGUL;52,40954;0,561161
EGUN;MHZ;EGUN;52,3619;0,486406
EGVA;FFD;EGVA;51,683568;-1,789172
EGVN;BZZ;EGVN;51,75;-1,58362
EGVO;ODH;EGVO;51,2341;-0,942825
EGWU;NHT;EGWU;51,553001;-0,418167
EGXC;QCY;EGXC;53,092999;-0,166014
EGXH;BEQ;EGXH;52,342602;0,772939
EGXW;WTN;EGXW;53,166199;-0,523811
EGYM;KNF;EGYM;52,648395;0,550692
EHAM;AMS;EHAM;52,308601;4,76389
EHBK;MST;EHBK;50,911701;5,77014
EHEH;EIN;EHEH;51,45009995;5,374529839
EHGG;GRQ;EHGG;53,119701;6,57944
EHGR;GLZ;EHGR;51,567402;4,93183
EHKD;DHR;EHKD;52,923401;4,78062
EHLE;LEY;EHLE;52,453188;5,514622
EHLW;LWR;EHLW;53,22859955;5,760560036
EHRD;RTM;EHRD;51,956902;4,43722
EHTW;ENS;EHTW;52,275833;6,889167
EHVK;UDE;EHVK;51,657222;5,707778
EHWO;WOE;EHWO;51,4491;4,34203
EIBN;BYT;EIBN;51,6772;-9,487123
EIBT;BLY;EIBT;54,22280121;-10,03079987
EICA;NNR;EICA;53,2303009;-9,467780113
EICK;ORK;EICK;51,841301;-8,49111
EICM;GWY;EICM;53,300201;-8,94159
EIDL;CFN;EIDL;55,0442009;-8,340999603
EIDW;DUB;EIDW;53,428713;-6,262121
EIIM;IOR;EIIM;53,1067009;-9,653610229
EIIR;INQ;EIIR;53,064701;-9,5109
EIKK;KKY;EIKK;52,6507988;-7,296110153
EIKN;NOC;EIKN;53,910301;-8,81849
EIKY;KIR;EIKY;52,180901;-9,52378
EILT;LTR;EILT;54,951302;-7,67283
EIMN;IIA;EIMN;53,092999;-9,56806
EINN;SNN;EINN;52,702;-8,92482
EISG;SXL;EISG;54,28020096;-8,599209785
EIWF;WAT;EIWF;52,187199;-7,08696
EKAH;AAR;EKAH;56,303331;10,618286
EKBI;BLL;EKBI;55,740335;9,157019
EKCH;CPH;EKCH;55,61790085;12,65600014
EKEB;EBJ;EKEB;55,525902;8,5534
EKKA;KRP;EKKA;56,297139;9,104311
EKLS;BYR;EKLS;57,277199;11,0001
EKMB;MRW;EKMB;54,699447;11,438163
EKOD;ODE;EKOD;55,475307;10,327206
EKRK;RKE;EKRK;55,585602;12,1314
EKRN;RNN;EKRN;55,063301;14,7596
EKSB;SGD;EKSB;54,96440125;9,791729927
EKSN;CNL;EKSN;57,503502;10,2294
EKSP;SKS;EKSP;55,221048;9,26702
EKSV;SQW;EKSV;56,550201;9,17298
EKTS;TED;EKTS;57,068802;8,70522
EKVG;FAE;EKVG;62,063256;-7,275782
EKVJ;STA;EKVJ;55,990101;8,35391
EKYT;AAL;EKYT;57,094763;9,84993
ELLX;LUX;ELLX;49,6233333;6,2044444
ENAL;AES;ENAL;62,5625;6,1197
ENAN;ANX;ENAN;69,292503;16,144199
ENAT;ALF;ENAT;69,976097;23,3717
ENBL;FDE;ENBL;61,391102;5,75694
ENBN;BNN;ENBN;65,461098;12,2175
ENBO;BOO;ENBO;67,269203;14,3653
ENBR;BGO;ENBR;60,2934;5,21814
ENBS;BJF;ENBS;70,60025;29,692612
ENBV;BVG;ENBV;70,871517;29,034097
ENCN;KRS;ENCN;58,204201;8,08537
ENDU;BDU;ENDU;69,055801;18,5404
ENEV;EVE;ENEV;68,49130249;16,67810059
ENFG;VDB;ENFG;61,015598;9,28806
ENFL;FRO;ENFL;61,58359909;5,024720192
ENGM;OSL;ENGM;60,193901;11,1004
ENHA;HMR;ENHA;60,8181;11,068
ENHD;HAU;ENHD;59,345299;5,20836
ENHF;HFT;ENHF;70,679703;23,6686
ENHK;HAA;ENHK;70,486702;22,1397
ENHV;HVG;ENHV;71,009697;25,983601
ENKB;KSU;ENKB;63,111801;7,82452
ENKL;GLL;ENKL;60,791066;9,048672
ENKR;KKN;ENKR;69,7258;29,8913
ENLK;LKN;ENLK;68,15249634;13,6093998
ENMH;MEH;ENMH;71,029701;27,8267
ENML;MOL;ENML;62,744701;7,2625
ENMS;MJF;ENMS;65,783997;13,2149
ENNA;LKL;ENNA;70,068802;24,973499
ENNM;OSY;ENNM;64,472198;11,5786
ENNO;NTB;ENNO;59,565071;9,213152
ENOL;OLA;ENOL;63,69889832;9,604000092
ENOV;HOV;ENOV;62,18000031;6,074100018
ENRA;MQN;ENRA;66,36389923;14,30140018
ENRM;RVK;ENRM;64,83830261;11,14610004
ENRO;RRS;ENRO;62,57839966;11,34230042
ENRS;RET;ENRS;67,526482;12,101575
ENRY;RYG;ENRY;59,378817;10,785439
ENSB;LYR;ENSB;78,24610138;15,46560001
ENSD;SDN;ENSD;61,830002;6,10583
ENSG;SOG;ENSG;61,156101;7,13778
ENSH;SVJ;ENSH;68,243301;14,6692
ENSK;SKN;ENSK;68,578827;15,033417
ENSN;SKE;ENSN;59,185001;9,56694
ENSO;SRP;ENSO;59,791901;5,34085
ENSR;SOJ;ENSR;69,786797;20,9594
ENSS;VAW;ENSS;70,3554;31,044901
ENST;SSJ;ENST;65,956802;12,4689
ENTC;TOS;ENTC;69,683296;18,9189
ENTO;TRF;ENTO;59,186699;10,2586
ENVA;TRD;ENVA;63,457802;10,924
ENVD;VDS;ENVD;70,0653;29,8447
ENZV;SVG;ENZV;58,876701;5,63778
EPBY;BZG;EPBY;53,096802;17,977699
EPGD;GDN;EPGD;54,377602;18,4662
EPKK;KRK;EPKK;50,077702;19,7848
EPKT;KTW;EPKT;50,476015;19,080705
EPLB;LUZ;EPLB;51,240157;22,713461
EPLL;LCJ;EPLL;51,721901;19,3981
EPMO;WMI;EPMO;52,451099;20,6518
EPPO;POZ;EPPO;52,421598;16,823359
EPRA;RDO;EPRA;51,38937;21,214742
EPRU;CZW;EPRU;50,884716;19,201842
EPRZ;RZE;EPRZ;50,109791;22,024155
EPSC;SZZ;EPSC;53,584702;14,9022
EPSY;SZY;EPSY;53,481899;20,9377
EPWA;WAW;EPWA;52,165699;20,9671
EPWR;WRO;EPWR;51,103719;16,882096
EPZG;IEG;EPZG;52,1385;15,7986
ESDF;RNB;ESDF;56,266701;15,265
ESGG;GOT;ESGG;57,6628;12,2798
ESGJ;JKG;ESGJ;57,75759888;14,06869984
ESGL;LDK;ESGL;58,4655;13,1744
ESGP;GSE;ESGP;57,7747;11,8704
ESGR;KVB;ESGR;58,456402;13,9727
ESGT;THN;ESGT;58,31809998;12,34500027
ESKK;KSK;ESKK;59,345901;14,4959
ESKM;MXX;ESKM;60,957901;14,5114
ESKN;NYO;ESKN;58,788601;16,912201
;SCR;ESKS;61,158393;12,842503
ESMK;KID;ESMK;55,9217;14,0855
ESMO;OSK;ESMO;57,350498;16,497999
ESMQ;KLR;ESMQ;56,685501;16,2876
ESMS;MMX;ESMS;55,535564;13,376327
ESMT;HAD;ESMT;56,69110107;12,82019997
ESMX;VXO;ESMX;56,92910004;14,72799969
ESND;EVG;ESND;62,047798;14,4229
ESNG;GEV;ESNG;67,13240051;20,81459999
ESNK;KRF;ESNK;63,048599;17,7689
ESNL;LYC;ESNL;64,548302;18,7162
ESNN;SDL;ESNN;62,52809906;17,44389915
ESNO;OER;ESNO;63,40829849;18,98999977
ESNQ;KRN;ESNQ;67,8219986;20,33679962
ESNS;SFT;ESNS;64,62480164;21,07690048
ESNU;UME;ESNU;63,79180145;20,28280067
ESNV;VHM;ESNV;64,579102;16,833599
ESNX;AJR;ESNX;65,59030151;19,28190041
ESNY;SOO;ESNY;61,261501;17,0991
ESNZ;OSD;ESNZ;63,194135;14,500322
ESOE;ORB;ESOE;59,22370148;15,03800011
ESOH;HFS;ESOH;60,0201;13,5789
ESOK;KSD;ESOK;59,444698;13,3374
ESOW;VST;ESOW;59,58940125;16,63360023
ESPA;LLA;ESPA;65,5438;22,122
ESSA;ARN;ESSA;59,64849;17,928829
ESSB;BMA;ESSB;59,35440063;17,94169998
ESSD;BLE;ESSD;60,422001;15,5152
ESSF;HLF;ESSF;57,525799;15,8233
ESSK;GVX;ESSK;60,5933;16,951401
ESSL;LPI;ESSL;58,40620041;15,68050003
ESSP;NRK;ESSP;58,5862999;16,25060081
ESST;TYF;ESST;60,1576;12,9913
ESSU;EKT;ESSU;59,351101;16,708401
ESSV;VBY;ESSV;57,66279984;18,34620094
ESSW;VVK;ESSW;57,779999;16,5236
ESTA;AGH;ESTA;56,29610062;12,84710026
ESUD;SQO;ESUD;64,960899;17,6966
ESUE;IDB;ESUE;61,869701;12,6894
ESUP;PJA;ESUP;67,244569;23,074894
ESUT;HMV;ESUT;65,806099;15,0828
ETAD;SPM;ETAD;49,976507;6,698413
ETAR;RMS;ETAR;49,436901;7,60028
ETHF;FRZ;ETHF;51,1146;9,286
;KZG;EDGY;49,744293;10,207313
ETMN;FCN;ETMN;53,767689;8,659201
ETNG;GKE;ETNG;50,9608;6,04242
ETNL;RLG;ETNL;53,918201;12,2783
ETNS;WBG;ETNS;54,459301;9,51633
ETOU;WIE;ETOU;50,04980087;8,325400352
ETSI;IGS;ETSI;48,71569824;11,5340004
EVLA;LPX;EVLA;56,517502;21,096901
EVRA;RIX;EVRA;56,923599;23,9711
EVVA;VNT;EVVA;57,3578;21,544201
EYKA;KUN;EYKA;54,96390152;24,08480072
EYPA;PLQ;EYPA;55,97320175;21,09390068
EYPP;PNV;EYPP;55,72940063;24,46080017
EYSA;SQQ;EYSA;55,89390182;23,39500046
EYVI;VNO;EYVI;54,634102;25,285801
;FEA;;60,603333;-0,872778
;DOC;;57,868999;-4,023
;FLH;;58,825802;-3,14278
;FOA;;60,121725;-2,053202
;OUK;;60,4252;-0,75
;PSV;;60,321701;-1,69306
;ULL;;56,517202;-5,91401
;KFZ;LAKU;42,035802;20,415955
LATI;TIA;LATI;41,4147;19,7206
LBBG;BOJ;LBBG;42,569917;27,515173
LBGO;GOZ;LBGO;43,151402;25,7129
LBPD;PDV;LBPD;42,067799;24,8508
LBRS;ROU;LBRS;43,694801;26,0567
LBSF;SOF;LBSF;42,696357;23,417671
LBSZ;SZR;LBSZ;42,3766667;25,655
LBWN;VAR;LBWN;43,232101;27,8251
LDDU;DBV;LDDU;42,562247;18,265543
LDLO;LSZ;LDLO;44,566985;14,393883
LDOS;OSI;LDOS;45,462355;18,811278
LDPL;PUY;LDPL;44,893501;13,9222
LDRI;RJK;LDRI;45,2169;14,5703
LDSB;BWK;LDSB;43,284454;16,678362
LDSP;SPU;LDSP;43,538898;16,298
LDZA;ZAG;LDZA;45,742901;16,0688
LDZD;ZAD;LDZD;44,094988;15,354879
LEAB;ABC;LEAB;38,948502;-1,86352
LEAL;ALC;LEAL;38,2822;-0,558156
LEAM;LEI;LEAM;36,843899;-2,3701
LEAS;OVD;LEAS;43,563599;-6,03462
LEBA;ODB;LEBA;37,841999;-4,84888
LEBB;BIO;LEBB;43,301102;-2,91061
LEBG;RGS;LEBG;42,357601;-3,62076
LEBL;BCN;LEBL;41,2971;2,07846
LEBZ;BJZ;LEBZ;38,8913;-6,82133
LECH;CDT;LECH;40,213889;0,073333
LECO;LCG;LECO;43,302101;-8,37726
LEDA;ILD;LEDA;41,728185;0,535023
LEGE;GRO;LEGE;41,904639;2,761774
LEGR;GRX;LEGR;37,188702;-3,77736
LEHC;HSK;LEHC;42,076099;-0,316667
LEIB;IBZ;LEIB;38,872898;1,37312
LEJR;XRY;LEJR;36,744598;-6,06011
LELC;MJV;LELC;37,775002;-0,812389
LELN;LEN;LELN;42,589001;-5,65556
;RJL;LERJ;42,460953;-2,322235
LEMD;MAD;LEMD;40,471926;-3,56264
LEMG;AGP;LEMG;36,6749;-4,49911
LEMH;MAH;LEMH;39,862598;4,21865
LEMI;RMU;LEMI;37,803;-1,125
LEMO;OZP;LEMO;37,17490005;-5,615940094
LEPA;PMI;LEPA;39,551701;2,73881
LEPP;PNA;LEPP;42,77;-1,64633
LERL;CQM;LERL;38,856479;-3,969944
LERS;REU;LERS;41,1474;1,16717
LERT;ROZ;LERT;36,64519882;-6,349460125
LESA;SLM;LESA;40,952099;-5,50199
LESO;EAS;LESO;43,356499;-1,79061
LEST;SCQ;LEST;42,896301;-8,41514
LESU;LEU;LESU;42,3386;1,40917
LETL;TEV;LETL;40,410269;-1,217366
LETO;TOJ;LETO;40,487875;-3,456808
LEVC;VLC;LEVC;39,4893;-0,481625
LEVD;VLL;LEVD;41,7061;-4,85194
LEVT;VIT;LEVT;42,882801;-2,72447
LEVX;VGO;LEVX;42,2318;-8,62677
LEXJ;SDR;LEXJ;43,427101;-3,82001
LEZG;ZAZ;LEZG;41,666199;-1,04155
LEZL;SVQ;LEZL;37,417999;-5,89311
LFAB;DPE;LFAB;49,884662;1,08101
LFAC;CQF;LFAC;50,962101;1,95476
LFAQ;BYF;LFAQ;49,970049;2,693939
LFAT;LTQ;LFAT;50,518284;1,621656
LFBA;AGF;LFBA;44,174171;0,59309
LFBD;BOD;LFBD;44,8283;-0,715556
LFBE;EGC;LFBE;44,825298;0,518611
LFBG;CNG;LFBG;45,658298;-0,3175
LFBH;LRH;LFBH;46,179199;-1,19528
LFBI;PIS;LFBI;46,5877;0,306666
LFBK;MCU;LFBK;46,222599;2,36396
LFBL;LIG;LFBL;45,862801;1,17944
LFBN;NIT;LFBN;46,313477;-0,394529
LFBO;TLS;LFBO;43,629101;1,36382
LFBP;PUF;LFBP;43,380001;-0,418611
LFBT;LDE;LFBT;43,178699;-0,006439
LFBU;ANG;LFBU;45,729198;0,221456
LFBX;PGX;LFBX;45,198101;0,815556
LFBZ;BIQ;LFBZ;43,468333;-1,531111
LFCC;ZAO;LFCC;44,351398;1,47528
LFCI;LBI;LFCI;43,913898;2,11306
LFCK;DCM;LFCK;43,556301;2,28918
LFCR;RDZ;LFCR;44,407902;2,48267
LFCY;RYN;LFCY;45,628101;-0,9725
LFDN;RCO;LFDN;45,887798;-0,983056
;BIC;LFEA;47,325256;-3,201255
;OUI;LFEC;48,4632;-5,06358
LFEY;IDY;LFEY;46,717641;-2,392544
LFGA;CMR;LFGA;48,109901;7,35901
LFGJ;DLE;LFGJ;47,038955;5,427589
LFHM;MVV;LFHM;45,823005;6,649406
LFHO;OBS;LFHO;44,544367;4,372194
LFHP;LPY;LFHP;45,0807;3,76289
LFHU;AHZ;LFHU;45,087399;6,083604
LFJL;ETZ;LFJL;48,982101;6,25132
LFJR;ANE;LFJR;47,560299;-0,312222
LFKB;BIA;LFKB;42,55270004;9,483730316
LFKC;CLY;LFKC;42,524444;8,793056
LFKF;FSC;LFKF;41,500599;9,09778
LFKJ;AJA;LFKJ;41,92359924;8,802920341
LFKO;PRP;LFKO;41,660599;8,88975
LFKS;SOZ;LFKS;41,9244;9,406
LFKX;MFX;LFKX;45,407505;6,577597
LFLA;AUF;LFLA;47,850201;3,49711
LFLB;CMF;LFLB;45,6381;5,88023
LFLC;CFE;LFLC;45,786701;3,16917
LFLD;BOU;LFLD;47,060158;2,369633
LFLJ;CVF;LFLJ;45,397531;6,63498
LFLL;LYS;LFLL;45,725996;5,090139
LFLN;SYT;LFLN;46,414019;4,014177
LFLO;RNE;LFLO;46,053818;3,999023
LFLP;NCY;LFLP;45,928947;6,0987
LFLS;GNB;LFLS;45,3629;5,32937
LFLU;VAF;LFLU;44,9216;4,9699
LFLV;VHY;LFLV;46,16969;3,403637
LFLW;AUR;LFLW;44,89139938;2,421940088
LFLX;CHR;LFLX;46,860221;1,728326
LFLY;LYN;LFLY;45,727947;4,943991
LFMD;CEQ;LFMD;43,547998;6,955176
LFMH;EBU;LFMH;45,5406;4,29639
LFMK;CCF;LFMK;43,216;2,30632
LFML;MRS;LFML;43,438088;5,2125
LFMN;NCE;LFMN;43,658401;7,21587
LFMP;PGF;LFMP;42,740398;2,87067
LFMQ;CTT;LFMQ;43,252499;5,78519
LFMR;BAE;LFMR;44,387198;6,608831
LFMT;MPL;LFMT;43,576199;3,96301
LFMU;BZR;LFMU;43,323502;3,3539
LFMV;AVN;LFMV;43,907299;4,90183
LFNA;GAT;LFNA;44,455002;6,03778
LFNB;MEN;LFNB;44,502102;3,53282
LFNC;SCP;LFNC;44,701698;6,60028
LFOB;BVA;LFOB;49,454399;2,11278
LFOE;EVX;LFOE;49,028702;1,21986
LFOH;LEH;LFOH;49,534038;0,088406
LFOK;XCR;LFOK;48,77333;4,20611
LFOO;LSO;LFOO;46,476898;-1,72278
LFOP;URO;LFOP;49,384887;1,179142
LFOT;TUF;LFOT;47,432201;0,727606
LFOU;CET;LFOU;47,0821;-0,877064
LFOV;LVA;LFOV;48,032208;-0,743999
LFOZ;ORE;LFOZ;47,897758;2,164478
;LBG;LFPB;48,969398;2,44139
LFPC;CSF;LFPC;49,253502;2,51914
LFPG;CDG;LFPG;49,012798;2,55
LFPN;TNF;LFPN;48,7519;2,10619
LFPO;ORY;LFPO;48,72333;2,37944
;POX;LFPT;49,096064;2,035543
;VIY;LFPV;48,774406;2,203102
LFQG;NVS;LFQG;47,002913;3,113114
LFQQ;LIL;LFQQ;50,563332;3,086886
LFQT;HZB;LFQT;50,618401;2,64224
LFRB;BES;LFRB;48,447899;-4,41854
LFRC;CER;LFRC;49,650101;-1,47028
LFRD;DNR;LFRD;48,5877;-2,07996
LFRE;LBY;LFRE;47,289398;-2,34639
LFRF;GFR;LFRF;48,883099;-1,56417
LFRG;DOL;LFRG;49,365237;0,154481
LFRH;LRT;LFRH;47,760601;-3,44
LFRI;EDM;LFRI;46,7019;-1,37863
LFRJ;LDV;LFRJ;48,5303;-4,15164
LFRK;CFR;LFRK;49,17678;-0,454883
LFRM;LME;LFRM;47,948604;0,201702
LFRN;RNS;LFRN;48,0695;-1,73479
LFRO;LAI;LFRO;48,754398;-3,47166
LFRQ;UIP;LFRQ;47,973031;-4,169655
LFRS;NTE;LFRS;47,153198;-1,61073
LFRT;SBK;LFRT;48,538628;-2,853518
LFRU;MXN;LFRU;48,60319901;-3,815779924
LFRV;VNE;LFRV;47,723301;-2,71856
LFRZ;SNR;LFRZ;47,31142;-2,152634
LFSB;BSL;LFSB;47,60068;7,521117
LFSD;DIJ;LFSD;47,268902;5,09
LFSG;EPL;LFSG;48,325001;6,06998
LFSL;BVE;LFSL;45,039722;1,485556
LFSN;ENC;LFSN;48,692101;6,23046
LFST;SXB;LFST;48,53829956;7,628230095
LFTH;TLN;LFTH;43,097301;6,14603
LFTW;FNI;LFTW;43,757401;4,41635
LFTZ;LTT;LFTZ;43,205399;6,482
LGAD;PYR;LGAD;37,9207;21,292601
LGAL;AXD;LGAL;40,8559;25,956301
LGAV;ATH;LGAV;37,936401;23,9445
LGBL;VOL;LGBL;39,219601;22,7943
LGHI;JKH;LGHI;38,34320068;26,1406002
LGIK;JIK;LGIK;37,68270111;26,3470993
LGIO;IOA;LGIO;39,6964;20,8225
LGIR;HER;LGIR;35,339699;25,1803
LGKA;KSO;LGKA;40,446301;21,2822
LGKC;KIT;LGKC;36,27429962;23,0170002
LGKF;EFL;LGKF;38,12009811;20,50049973
LGKL;KLX;LGKL;37,06829834;22,02549934
LGKP;AOK;LGKP;35,421398;27,146
LGKR;CFU;LGKR;39,601898;19,911699
LGKS;KSJ;LGKS;35,42139816;26,90999985
LGKV;KVA;LGKV;40,9133;24,6192
LGKY;JKL;LGKY;36,9632988;26,94059944
LGKZ;KZI;LGKZ;40,286098;21,840799
LGLE;LRS;LGLE;37,184898;26,800301
LGLM;LXS;LGLM;39,917099;25,23629951
LGLR;LRA;LGLR;39,650253;22,4655
LGMK;JMK;LGMK;37,435101;25,348101
LGML;MLO;LGML;36,696899;24,4769
LGMT;MJT;LGMT;39,057272;26,598887
LGNX;JNX;LGNX;37,0811;25,368099
LGPA;PAS;LGPA;37,020495;25,113195
LGPL;JTY;LGPL;36,57989883;26,37579918
LGPZ;PVK;LGPZ;38,925499;20,765301
LGRX;GPA;LGRX;38,1511;21,4256
LGSA;CHQ;LGSA;35,5317;24,1497
LGSK;JSI;LGSK;39,177101;23,5037
LGSM;SMI;LGSM;37,689999;26,911699
LGSO;JSY;LGSO;37,42279816;24,95089912
LGSP;SPJ;LGSP;36,9739;22,5263
LGSR;JTR;LGSR;36,39920044;25,47929955
LGST;JSH;LGST;35,21609879;26,10129929
LGSY;SKU;LGSY;38,96760178;24,48719978
LGTS;SKG;LGTS;40,51928;22,970009
LGZA;ZTH;LGZA;37,7509;20,8843
LHBP;BUD;LHBP;47,43018;19,262393
LHDC;DEB;LHDC;47,488899;21,615299
LHPP;PEV;LHPP;45,988891;18,242044
LHSM;SOB;LHSM;46,686391;17,159084
LIAP;QAQ;LIAP;42,379902;13,3092
LIBC;CRV;LIBC;38,9972;17,0802
LIBD;BRI;LIBD;41,138901;16,760599
LIBF;FOG;LIBF;41,433596;15,534566
LIBG;TAR;LIBG;40,517502;17,4032
LIBN;LCC;LIBN;40,239201;18,133301
LIBP;PSR;LIBP;42,431702;14,1811
LIBR;BDS;LIBR;40,6576;17,947001
LICA;SUF;LICA;38,905197;16,243762
LICB;CIY;LICB;36,99583;14,60889
LICC;CTA;LICC;37,466801;15,0664
LICD;LMP;LICD;35,497898;12,6181
LICG;PNL;LICG;36,816502;11,9689
LICJ;PMO;LICJ;38,175999;13,091
LICR;REG;LICR;38,071201;15,6516
LICT;TPS;LICT;37,9114;12,488
LICZ;NSY;LICZ;37,401699;14,9224
LIDB;BLX;LIDB;46,166549;12,250389
LIDR;RAN;LIDR;44,364291;12,224996
LIEA;AHO;LIEA;40,632099;8,29077
LIED;DCI;LIED;39,354198;8,97248
LIEE;CAG;LIEE;39,251499;9,05428
LIEO;OLB;LIEO;40,898701;9,51763
LIER;FNU;LIER;39,895308;8,642661
LIET;TTB;LIET;39,9188;9,68298
LIMC;MXP;LIMC;45,6306;8,72811
LIME;BGY;LIME;45,670725;9,709223
LIMF;TRN;LIMF;45,200802;7,64963
LIMG;ALL;LIMG;44,050598;8,12743
LIMJ;GOA;LIMJ;44,412039;8,840732
LIML;LIN;LIML;45,445099;9,27674
LIMP;PMF;LIMP;44,826351;10,29705
LIMW;AOT;LIMW;45,738552;7,3683
LIMZ;CUF;LIMZ;44,547001;7,62322
LIPA;AVB;LIPA;46,031898;12,596503
LIPB;BZO;LIPB;46,460201;11,3264
LIPD;UDN;LIPD;46,0308;13,18225
LIPE;BLQ;LIPE;44,5354;11,2887
LIPH;TSF;LIPH;45,648399;12,1944
LIPK;FRL;LIPK;44,194801;12,0701
LIPO;VBS;LIPO;45,428902;10,3306
LIPQ;TRS;LIPQ;45,827499;13,4722
LIPR;RMI;LIPR;44,020302;12,6117
LIPX;VRN;LIPX;45,394955;10,887303
LIPY;AOI;LIPY;43,616299;13,3623
LIPZ;VCE;LIPZ;45,505299;12,3519
LIQL;LCV;LIQL;43,825825;10,577928
LIQS;SAY;LIQS;43,256302;11,255
LIRA;CIA;LIRA;41,7994;12,5949
LIRF;FCO;LIRF;41,804532;12,251998
LIRI;QSR;LIRI;40,620399;14,9113
LIRJ;EBA;LIRJ;42,760871;10,239811
LIRN;NAP;LIRN;40,886002;14,2908
LIRP;PSA;LIRP;43,683899;10,3927
LIRQ;FLR;LIRQ;43,808558;11,202822
LIRS;GRS;LIRS;42,759701;11,0719
LIRZ;PEG;LIRZ;43,095901;12,5132
LJLJ;LJU;LJLJ;46,223701;14,4576
LJMB;MBX;LJMB;46,4799;15,6861
LJPZ;POW;LJPZ;45,47201;13,615951
LKCS;JCL;LKCS;48,9464;14,4275
LKKU;UHE;LKKU;49,0294;17,439699
LKKV;KLV;LKKV;50,202999;12,915
;HRA;LKMH;50,540199;15,0066
LKMT;OSR;LKMT;49,696301;18,111099
LKOL;OLO;LKOL;49,587712;17,209275
LKPD;PED;LKPD;50,01340103;15,73859978
LKPO;PRV;LKPO;49,4258;17,404699
LKPR;PRG;LKPR;50,100874;14,259911
LKTB;BRQ;LKTB;49,15129852;16,69440079
LKVO;VOD;LKVO;50,216599;14,3958
LKZA;ZBE;LKZA;49,928258;18,075557
LMML;MLA;LMML;35,857498;14,4775
LOIH;HOH;LOIH;47,384477;9,699776
LOWG;GRZ;LOWG;46,9911;15,4396
LOWI;INN;LOWI;47,260201;11,344
LOWK;KLU;LOWK;46,642502;14,3377
LOWL;LNZ;LOWL;48,2332;14,1875
LOWS;SZG;LOWS;47,793301;13,0043
LOWW;VIE;LOWW;48,110298;16,5697
;AVR;LPAR;38,883301;-9,0301
LPAZ;SMA;LPAZ;36,97140121;-25,17060089
LPBG;BGC;LPBG;41,8578;-6,70713
LPBJ;BYJ;LPBJ;38,078899;-7,9324
LPBR;BGZ;LPBR;41,58710098;-8,445139885
LPCH;CHV;LPCH;41,722356;-7,463064
LPCO;CBP;LPCO;40,158758;-8,470815
LPCR;CVU;LPCR;39,671501;-31,1136
LPCS;CAT;LPCS;38,724998;-9,35523
LPFL;FLW;LPFL;39,45529938;-31,13139915
LPFR;FAO;LPFR;37,01440048;-7,965909958
LPGR;GRW;LPGR;39,09220123;-28,02980042
LPHR;HOR;LPHR;38,51990128;-28,71590042
LPLA;TER;LPLA;38,761799;-27,090799
LPMA;FNC;LPMA;32,697899;-16,7745
;QLR;LPMR;39,828335;-8,8875
LPPD;PDL;LPPD;37,74119949;-25,69790077
LPPI;PIX;LPPI;38,554298;-28,441299
LPPM;PRM;LPPM;37,1493;-8,58396
LPPR;OPO;LPPR;41,24810028;-8,681389809
LPPS;PXO;LPPS;33,07339859;-16,35000038
LPPT;LIS;LPPT;38,7813;-9,13592
LPSJ;SJZ;LPSJ;38,665501;-28,1758
LPVR;VRL;LPVR;41,2743;-7,72047
LPVZ;VSE;LPVZ;40,725498;-7,88899
LQBK;BNX;LQBK;44,941399;17,297501
LQMO;OMO;LQMO;43,28290176;17,84589958
LQSA;SJJ;LQSA;43,8246;18,331499
LQTZ;TZL;LQTZ;44,458698;18,7248
LRAR;ARW;LRAR;46,176601;21,261999
LRBC;BCM;LRBC;46,5219;26,910299
LRBM;BAY;LRBM;47,658444;23,464445
LRBS;BBU;LRBS;44,503201;26,1021
LRBV;GHV;LRBV;45,70558;25,522871
LRCK;CND;LRCK;44,362202;28,4883
LRCL;CLJ;LRCL;46,787425;23,684292
LRCS;CSB;LRCS;45,420142;22,252507
LRCV;CRA;LRCV;44,3181;23,888599
LRIA;IAS;LRIA;47,180278;27,620833
LROD;OMR;LROD;47,02529907;21,90250015
LROP;OTP;LROP;44,572127;26,103396
LRSB;SBZ;LRSB;45,785841;24,086666
LRSM;SUJ;LRSM;47,7033;22,8857
LRSV;SCV;LRSV;47,6875;26,35409927
LRTC;TCE;LRTC;45,0625;28,7143
LRTM;TGM;LRTM;46,467701;24,4125
LRTR;TSR;LRTR;45,809898;21,3379
LSGG;GVA;LSGG;46,238098;6,10895
LSGS;SIR;LSGS;46,219166;7,326944
LSME;EML;LSME;47,092444;8,305184
LSMP;VIP;LSMP;46,8432;6,91506
LSZA;LUG;LSZA;46,004299;8,91058
LSZB;BRN;LSZB;46,912868;7,498512
LSZC;BXO;LSZC;46,974444;8,396944
LSZH;ZRH;LSZH;47,458056;8,548056
LSZR;ACH;LSZR;47,485001;9,56077
LSZS;SMV;LSZS;46,5341;9,88411
LTBU;TEQ;LTBU;41,13819885;27,91909981
LTFM;IST;LTFM;41,261297;28,741951
LUBL;BZY;LUBL;47,837666;27,781108
LUKK;RMO;LUKK;46,9277;28,931
LWOH;OHD;LWOH;41,18;20,7423
LWSK;SKP;LWSK;41,958087;21,622581
LXGB;GIB;LXGB;36,151199;-5,34966
LYBE;BEG;LYBE;44,818401;20,309099
LYBR;IVG;LYBR;42,8390007;19,86199951
LYBT;BJY;LYBT;44,935299;20,2575
LYKV;KVO;LYKV;43,817519;20,586662
LYNI;INI;LYNI;43,337009;21,85451
LYPG;TGD;LYPG;42,359402;19,2519
LYTV;TIV;LYTV;42,40470123;18,72330093
LYUZ;UZC;LYUZ;43,898899;19,697701
LZIB;BTS;LZIB;48,1702;17,2127
LZKZ;KSC;LZKZ;48,663101;21,2411
LZLU;LUE;LZLU;48,339401;19,7358
LZPP;PZY;LZPP;48,62519836;17,82839966
LZPW;POV;LZPW;49,02970123;21,31559944
LZSL;SLD;LZSL;48,63779831;19,13409996
LZTT;TAT;LZTT;49,073601;20,2411
LZZI;ILZ;LZZI;49,233292;18,613386
;NOI;;44,962905;37,999071
;KVK;ULMK;67,462851;33,585294
;TYA;;54,239;37,6
;LNX;;54,824;32,025
;EIK;;46,68;38,21
;MXR;UKBM;49,932;33,641
;KHU;UKHK;49,136799;33,477893
;KCP;UKLK;48,695631;26,609471
UEBS;SUK;UEBS;67,792;130,394
UEBT;UKG;UEBT;70,011002;135,645004
UECT;TLK;UECT;59,876389;111,044444
UEMH;KDY;UEMH;62,78900146;136,8549957
UEMU;UMS;UEMU;60,35699844;134,4349976
UERO;ONK;UERO;68,514999;112,480003
UERS;SYS;UERS;71,927902;114,080002
UHMD;PVS;UHMD;64,37809753;-173,2429962
;ETL;UHTQ;46,541704;138,321703
;EDN;UHWE;47,178201;138,657357
;NEI;UHWT;45,0825;136,5912
UIAA;HTA;UIAA;52,026299;113,306
UIII;IKT;UIII;52,268002;104,389
UIUU;UUD;UIUU;51,808614;107,439652
UKBB;KBP;UKBB;50,345001;30,894699
UKCK;KRQ;UKCK;48,706799;37,630922
UKCM;MPW;UKCM;47,0760994;37,44960022
UKDB;ERD;UKDB;46,814999;36,758099
UKDD;DNK;UKDD;48,357201;35,100601
UKDE;OZH;UKDE;47,86700058;35,31570053
UKDR;KWG;UKDR;48,04330063;33,20999908
UKFB;UKS;UKFB;44,691822;33,57462
UKFF;SIP;UKFF;45,0522;33,975101
UKFK;KHC;UKFK;45,372501;36,401402
UKHH;HRK;UKHH;49,926943;36,290814
UKHP;PLV;UKHP;49,5686;34,397202
UKHS;UMY;UKHS;50,858299;34,762501
UKKE;CKC;UKKE;49,4156;31,9953
UKKG;KGO;UKKG;48,542801;32,285
UKKK;IEV;UKKK;50,40194;30,45194
UKKV;ZTR;UKKV;50,270556;28,738611
UKLC;UCK;UKLC;50,678404;25,487165
UKLH;HMJ;UKLH;49,359699;26,933399
UKLI;IFO;UKLI;48,88420105;24,68610001
UKLL;LWO;UKLL;49,8125;23,9561
UKLN;CWC;UKLN;48,25930023;25,98080063
UKLR;RWN;UKLR;50,60710144;26,14159966
UKLT;TNL;UKLT;49,5242;25,7001
UKLU;UDJ;UKLU;48,6343;22,263399
UKOH;KHE;UKOH;46,6758;32,506401
UKON;NLV;UKON;47,057899;31,9198
UKOO;ODS;UKOO;46,4268;30,6765
UKWW;VIN;UKWW;49,242531;28,613778
ULAA;ARH;ULAA;64,60030365;40,71670151
;VKV;ULAH;64,441704;40,4217
ULAL;LDG;ULAL;64,89600372;45,72299957
ULAM;NNM;ULAM;67,639999;53,121899
;CSH;ULAS;65,029999;35,733334
ULKK;KSZ;ULKK;61,2358017;46,69749832
ULLI;LED;ULLI;59,800301;30,262501
ULMM;MMK;ULMM;68,78170013;32,75080109
ULOO;PKV;ULOO;57,78390121;28,39559937
ULPB;PES;ULPB;61,8852005;34,15470123
ULWC;CEE;ULWC;59,27360153;38,01580048
ULWW;VGD;ULWW;59,282501;39,944401
UMBB;BQT;UMBB;52,108299;23,8981
UMGG;GME;UMGG;52,52700043;31,01670074
UMII;VTB;UMII;55,12649918;30,34959984
UMKK;KGD;UMKK;54,88999939;20,59259987
UMMG;GNA;UMMG;53,602001;24,053801
UMMS;MSQ;UMMS;53,888071;28,039964
UMOO;MVQ;UMOO;53,95489883;30,0951004
UNBG;RGK;UNBG;51,969204;85,836539
UNIP;TGP;UNIP;61,589699;89,994003
UNKL;KJA;UNKL;56,173077;92,492437
UNNT;OVB;UNNT;55,019756;82,618675
UNWW;NOZ;UNWW;53,811401;86,877197
URKA;AAQ;URKA;45,002102;37,347301
URKG;GDZ;URKG;44,58209263;38,01248074
URKK;KRR;URKK;45,034698;39,170502
URMG;GRV;URMG;43,388106;45,699772
URML;MCX;URML;42,816799;47,652302
URMM;MRV;URMM;44,22510147;43,08190155
URMN;NAL;URMN;43,51290131;43,63660049
URMO;OGZ;URMO;43,205101;44,606602
URMT;STW;URMT;45,10919952;42,1128006
URRP;ROV;URRP;47,493888;39,924722
URRT;TGK;URRT;47,1983333;38,8491667
URSS;AER;URSS;43,449902;39,9566
URWI;ESL;URWI;46,37390137;44,33089828
URWW;VOG;URWW;48,78250122;44,34550095
USCC;CEK;USCC;55,305801;61,5033
USCM;MQF;USCM;53,39310074;58,75569916
USDP;KKQ;USDP;65,717;82,455
USDS;TQL;USDS;64,930485;77,811295
USDU;UEN;USDU;65,95999908;78,43699646
USHN;NYA;USHN;62,110001;65,614998
USHQ;EYK;USHQ;63,686901;66,698601
USII;IJK;USII;56,8280983;53,45750046
USKK;KVX;USKK;58,503883;49,347831
USPP;PEE;USPP;57,914501;56,021198
UUBA;KMW;UUBA;57,796902;41,019402
UUBC;KLF;UUBC;54,54999924;36,3666687
UUBI;IWA;UUBI;56,93939972;40,94079971
UUBK;RYB;UUBK;58,104198;38,929401
UUBP;BZK;UUBP;53,214199;34,176399
UUBW;ZIA;UUBW;55,553299;38,150002
UUDD;DME;UUDD;55,408798;37,9063
UUDL;IAR;UUDL;57,560699;40,157398
UUEE;SVO;UUEE;55,972599;37,4146
UUEM;KLD;UUEM;56,8246994;35,75770187
UUMO;OSF;UUMO;55,511667;37,507222
UUMU;CKL;UUMU;55,8783;38,061699
UUOB;EGO;UUOB;50,64379883;36,59009933
UUOK;URS;UUOK;51,75059891;36,29560089
UUOL;LPK;UUOL;52,70280075;39,53779984
UUOO;VOZ;UUOO;51,81420135;39,229599
UUOT;TBW;UUOT;52,806099;41,4828
UUWW;VKO;UUWW;55,591499;37,261501
UUYI;INA;UUYI;66,053372;60,105786
UUYP;PEX;UUYP;65,121101;57,130798
UUYY;SCW;UUYY;61,64699936;50,8451004
UWGG;GOJ;UWGG;56,228254;43,785197
UWLL;ULV;UWLL;54,268299;48,2267
UWLW;ULY;UWLW;54,401001;48,8027
UWOO;REN;UWOO;51,79579926;55,45669937
UWPP;PEZ;UWPP;53,11059952;45,02109909
UWPS;SKX;UWPS;54,1251297;45,21225739
UWUU;UFA;UWUU;54,55749893;55,87440109
UWWW;KUF;UWWW;53,504902;50,164299

LCA;34,88;33,62